<?xml version="1.0" encoding="utf-8" ?>
<extension type="plugin" group="system" method="upgrade">
    <name>YOO CCC Reading Time</name>
    <version>0.0.1</version>
    <description>YOOtheme Pro Element to display the reading time of a block or specific content</description>
    <creationDate>2024-09-14</creationDate>
    <copyright>Copyright (C)</copyright>
    <license>GNU General Public License</license>
    <author>Elisa Sophia Foltyn</author>
    <authorEmail>contact@coolcat-creations.com</authorEmail>
    <authorUrl>https://coolcat-creations.com</authorUrl>
    <files>
        <filename plugin="yoocccreadingtime">yoocccreadingtime.php</filename>
        <folder>modules</folder>
    </files>
    <updateservers>
        <server type="extension" priority="1" name="yoocccreadingtime">
            https://coolcat-campus.com/updates/update.xml
        </server>
    </updateservers>
</extension>
